patient_ID	0	1	2	3	4	5	6	7	8	9
249600	0.4881443157405783	0.0	0.5554698981586178	0.0	0.7056998729010682	0.6061086662048607	0.0	0.542344308678694	0.3097161583879786	0.7149461891931209
441891	0.0	0.32961422099037135	0.5347776863168937	0.0	0.0	0.0	0.0	0.0	0.2978030515612665	0.0
22476	0.363545079156188	0.4217073751284263	0.0	0.5283155020071657	0.6806884614017071	0.0	0.0	0.4876221579642131	0.2524550459956043	0.6695931940291112
249532	0.0	0.43615765919918226	0.0	0.6171294746125716	0.7263638840407595	0.0	0.33351161010906166	0.0	0.4506513274862324	0.7013140339407481
305173	0.5441015813689377	0.4197602231879318	0.0	0.5612515227199619	0.5952941513879497	0.5848951245667788	0.0	0.4725792096762201	0.0	0.0
441866	0.4966797737135802	0.0	0.549973326033404	0.4907228788497589	0.0	0.0	0.0	0.4555711884929683	0.0	0.0
441703	0.0	0.1450501106545483	0.39638907928015965	0.0	0.0	0.0	0.45964044667346926	0.4673810304341856	0.41230802612739903	0.5657196445341405
441702	0.0	0.3602812385425549	0.0	0.33823642240427776	0.0	0.0	0.35584946554286634	0.0	0.35984727569937486	0.5657196445341405
249684	0.0	0.4093067324203171	0.0	0.20887200251999025	0.0	0.0	0.0	0.0	0.0	0.0
305259	0.0	0.3141581710937241	0.5180891099279504	0.48949352203841745	0.5952941513879497	0.5848951245667788	0.0	0.2723702339074081	0.0	0.0
249615	0.0	0.2353823541801673	0.0	0.5530611488107572	0.6522896945827502	0.6041843976054371	0.6441854851656422	0.6262863154045042	0.0	0.5982915850262177
441725	0.48130075342247697	0.0	0.0	0.0	0.0	0.0	0.4258289411966266	0.0	0.0	0.5657196445341405
441760	0.5010981574520352	0.4748521918341261	0.3588569901961024	0.0	0.0	0.0	0.0	0.4244426622650969	0.0	0.0
441660	0.0	0.2727591901629151	0.41007967666156725	0.0	0.0	0.0	0.0	0.5443437922277375	0.15842497423759802	0.5657196445341405
249565	0.0	0.0	0.5007668703685371	0.0	0.0	0.6415470307106772	0.23119542885635508	0.0	0.0	0.0
249541	0.48753701206301153	0.2814361158118866	0.0	0.5548980550854417	0.639877434844153	0.6483478533358626	0.0	0.3731793967703699	0.6422030963097067	0.0
441707	0.0	0.0	0.0	0.0	0.0	0.0	0.2650057952305338	0.496775319590991	0.42985250516351364	0.5657196445341405
441770	0.5008247914987801	0.4121885740751253	0.47934236730903373	0.22824451167585955	0.0	0.0	0.0	0.5205828765674261	0.5185053623943122	0.0
441896	0.5459015990275682	0.48662771392218135	0.0	0.5673475916295377	0.0	0.0	0.0	0.5748699476290388	0.21631025528159115	0.0
249617	0.3893635073282782	0.0	0.5188532864489913	0.0	0.6174543336916897	0.0	0.0	0.36847526428993843	0.0	0.5720640056384491
249598	0.536371473704782	0.32483176884254616	0.5936362949251254	0.0	0.6979478097245648	0.6023117004498789	0.0	0.5427777229157363	0.22007918349743227	0.5906733143642013
305138	0.0	0.43901192132746036	0.5120384028747552	0.0	0.5952941513879497	0.5848951245667788	0.30220075717697914	0.0	0.2999826719091836	0.0
305136	0.5209226797168482	0.46571731105227	0.0	0.40411913345235034	0.5952941513879497	0.5848951245667788	0.22933001453393922	0.0	0.0	0.0
305230	0.0	0.0	0.5180891099279504	0.0	0.5952941513879497	0.5848951245667788	0.0	0.44851710439266324	0.44389831328033086	0.0
441881	0.5866985667535619	0.44142635331476304	0.5978786272947201	0.562292565786357	0.0	0.0	0.0	0.492857401518967	0.23471600767659165	0.0
441727	0.24776378077155486	0.22860678868416084	0.5106349438733772	0.0	0.0	0.0	0.0	0.0	0.0	0.0
441754	0.6972949945474679	0.0	0.6870605285700203	0.46519461883932356	0.0	0.0	0.3277498548810485	0.45885480569189346	0.4824522232396433	0.0
441893	0.358606336842145	0.0	0.0	0.0	0.0	0.0	0.3311690056115924	0.0	0.25224741474824675	0.0
249604	0.0	0.0	0.0	0.21809122151866883	0.0	0.5964816316731683	0.39026671100750415	0.31665209660107163	0.0	0.5871367638165127
249699	0.5051585212963602	0.0	0.4626138458370604	0.19319456615802513	0.6645293785836973	0.0	0.4210634664195253	0.0	0.0	0.5878001516911819
441679	0.0	0.0	0.547393881562165	0.19224684071885093	0.0	0.0	0.469272755368305	0.30766981028492835	0.0	0.5657196445341405
441859	0.0	0.45979268556712	0.549973326033404	0.27543055792858456	0.0	0.0	0.0	0.46801837694150156	0.537947616297637	0.0
441739	0.0	0.0	0.36179705343786217	0.31846629576425534	0.0	0.0	0.0	0.0	0.28202195585635603	0.0
441753	0.0	0.14849126312758143	0.0	0.23263778810028182	0.0	0.0	0.0	0.0	0.40642939632455405	0.0
249561	0.4980990809651286	0.0	0.2644030231566455	0.0	0.5502908057365493	0.0	0.43473751418818996	0.43972830041730304	0.3299446856940628	0.0
441664	0.0	0.0	0.3417984219360964	0.3930307132523145	0.0	0.0	0.0	0.45021844502146613	0.0	0.5657196445341405
22502	0.0	0.39990987595194183	0.0	0.31529017297408574	0.6290493616464871	0.0	0.339072558373324	0.3681608201405694	0.0	0.5739323482388228
249700	0.0	0.3515269504758673	0.5463291011622889	0.47844760834275274	0.6316494762068355	0.6516523881915791	0.5133912253958455	0.0	0.0	0.0
249624	0.0	0.27491222510718305	0.5134707475688192	0.0	0.7048966130602415	0.0	0.0	0.5052561975595443	0.0	0.5893374104281165
441673	0.0	0.0	0.0	0.39502134991693677	0.0	0.0	0.45025981563073936	0.4754325434986492	0.3970931672106093	0.5657196445341405
441890	0.0	0.0	0.41192582873233924	0.0	0.0	0.0	0.49780064692752146	0.0	0.4412002292120397	0.0
249681	0.0	0.0	0.5240270500817613	0.45111401717100025	0.6243287511411653	0.7048994577881235	0.4064103169026828	0.4969804339587425	0.0	0.5721379016388937
441824	0.0	0.444344078229154	0.0	0.5748407775937674	0.0	0.0	0.0	0.3601556098481976	0.0	0.0
22466	0.0	0.0	0.0	0.0	0.6495140392795382	0.0	0.5132894808317034	0.0	0.0	0.0
22483	0.35305634056953406	0.0	0.5645395105019643	0.0	0.7241924039377872	0.7006348782104468	0.0	0.0	0.4336622907596976	0.604370347723118
249537	0.5060645155977206	0.2124675287918129	0.0	0.6142068644264859	0.7703435551378958	0.6781887155770769	0.0	0.6216805650819918	0.552562302538637	0.0
250017	0.0	0.19110275759719925	0.0	0.0	0.6323171577874506	0.6691400008923848	0.42029265258650345	0.4205878202251907	0.0	0.0
249627	0.0	0.0	0.0	0.0	0.0	0.0	0.0	0.4425412510284666	0.0	0.6487518708774251
441657	0.0	0.46152749257551734	0.0	0.46208836777940265	0.0	0.0	0.0	0.0	0.0	0.5657196445341405
441637	0.28148978144008274	0.42771868447984773	0.3417984219360964	0.0	0.0	0.0	0.33481658729694136	0.6110924127638329	0.2576480355943789	0.5657196445341405
441874	0.4812769630136862	0.2468441132576063	0.5106349438733772	0.0	0.0	0.0	0.39516742365886043	0.5295239110492984	0.4037026494751195	0.0
249685	0.0	0.4502048897889091	0.5297410534305004	0.0	0.0	0.6487551452613668	0.0	0.24855869929830343	0.14965038051955426	0.0
441726	0.0	0.0	0.42632203186687295	0.0	0.0	0.0	0.4937536253867053	0.315554117951072	0.44321145581574234	0.5657196445341405
305218	0.0	0.0	0.5799975088274172	0.2271480033025669	0.5952941513879497	0.5848951245667788	0.0	0.6974573651731083	0.0	0.0
441723	0.3479335571709375	0.0	0.0	0.0	0.0	0.0	0.0	0.0	0.0	0.5736102064376343
249644	0.0	0.28675364243720874	0.0	0.0	0.4194722974634701	0.0	0.0	0.305307073723205	0.0	0.42352890517417613
441804	0.0	0.0	0.0	0.21107769821615743	0.0	0.0	0.0	0.0	0.0	0.0
249663	0.0	0.0	0.0	0.4505698489086532	0.0	0.0	0.4362630871383324	0.0	0.0	0.5740050255327265
441791	0.0	0.0	0.0	0.0	0.0	0.0	0.0	0.0	0.23852200194890502	0.0
441731	0.5153035208693626	0.4266405947248678	0.5075821382594309	0.5572243494168387	0.0	0.0	0.41787330301286363	0.0	0.4601191899838384	0.0
441910	0.0	0.0	0.0	0.0	0.0	0.0	0.19628527273686872	0.0	0.17537970963846766	0.0
441669	0.0	0.323871108427509	0.45883668943363287	0.0	0.0	0.0	0.0	0.30766981028492835	0.0	0.5657196445341405
249688	0.0	0.0	0.0	0.0	0.0	0.6089547194247712	0.0	0.31665209660107163	0.0	0.5778418971372629
441909	0.48793871742108846	0.42186125469562064	0.3013064222348742	0.0	0.0	0.0	0.35858062678411545	0.0	0.0	0.0
249952	0.0	0.0	0.4233710948371933	0.4669602387297584	0.0	0.7276736435290696	0.48417074152595396	0.0	0.0	0.622706954296164
441634	0.4905752332510386	0.4110752807817237	0.0	0.49594197514652993	0.0	0.0	0.0	0.30766981028492835	0.378913439607912	0.5657196445341405
441777	0.5002477321494632	0.0	0.0	0.5748407775937674	0.0	0.0	0.0	0.0	0.4313642360596714	0.0
441916	0.0	0.0	0.5254046905160188	0.0	0.0	0.0	0.47251127071349336	0.0	0.5091241724131104	0.0
305250	0.0	0.470823639356128	0.0	0.0	0.5952941513879497	0.5848951245667788	0.26304019089674285	0.0	0.0	0.0
249692	0.0	0.445000211432338	0.5106484328314499	0.0	0.0	0.6086326661996948	0.24218000185494634	0.0	0.0	0.580894033625046
22474	0.36233355511826715	0.4161664584049292	0.0	0.0	0.0	0.0	0.4227855071333919	0.49743012097601	0.2323492213392904	0.0
441706	0.29318836830134376	0.3917394336964561	0.3417984219360964	0.21622627510911152	0.0	0.0	0.37979983570447295	0.30766981028492835	0.0	0.5657196445341405
441831	0.0	0.1723769903335653	0.549973326033404	0.0	0.0	0.0	0.2612494135235164	0.0	0.3026836269752491	0.0
305264	0.0	0.0	0.3598668717479313	0.0	0.5952941513879497	0.5848951245667788	0.40137225720361663	0.0	0.35096717793960197	0.0
305199	0.0	0.14997700136905964	0.5772293170171966	0.40411913345235034	0.5952941513879497	0.5848951245667788	0.0	0.0	0.4229878648509164	0.0
249535	0.4840751611333412	0.5042955765450207	0.0	0.5391097114001869	0.0	0.6972359233206953	0.39362749967481986	0.4812013598667763	0.52288499892364	0.0
441835	0.0	0.0	0.0	0.21871322348440864	0.0	0.0	0.19713973656127923	0.0	0.26388141346147537	0.0
441639	0.2309437316869275	0.18404729081156432	0.0	0.24754780827484368	0.0	0.0	0.0	0.0	0.0	0.5657196445341405
249704	0.35425274453354677	0.0	0.600163041239691	0.0	0.627491877731372	0.6179183751132997	0.4577730728152544	0.37947051272400645	0.0	0.0
305134	0.0	0.39264719564925843	0.3598668717479313	0.34006384861420214	0.5952941513879497	0.5848951245667788	0.0	0.36812780002667306	0.42489572734173625	0.0
249531	0.47999560422952553	0.454870751970793	0.0	0.5654318264481734	0.7616774238124265	0.6797253523881562	0.0	0.5021898782336908	0.5432317238195038	0.0
441882	0.0	0.0	0.44449928924444093	0.2030209701399355	0.0	0.0	0.3385661298968385	0.6548792766412804	0.47309896396417817	0.0
441730	0.3744240629049412	0.0	0.0	0.0	0.0	0.0	0.5413989567377234	0.0	0.4334910098204702	0.0
249557	0.0	0.3319924896641218	0.0	0.0	0.7386713106157001	0.645722378574997	0.0	0.2406225011153767	0.35680328354124097	0.6116050713127296
249536	0.0	0.3977067300296965	0.0	0.5749300596468633	0.7290983429507369	0.0	0.4250997722952648	0.0	0.48038646958957415	0.6040600237364206
441656	0.0	0.18387404867054838	0.5184520739670179	0.48821903092636176	0.0	0.0	0.4358213335059179	0.5640372724077931	0.441202675746321	0.5657196445341405
249560	0.606634988851351	0.19393546992546593	0.0	0.32600573773623953	0.6209609032528844	0.6456259173739386	0.1757625784078485	0.0	0.0	0.46214064942219324
441829	0.0	0.32522427224704775	0.0	0.5471702232404471	0.0	0.0	0.21374158158023004	0.5311293396996756	0.4115299199424759	0.0
249552	0.48169340997612403	0.0	0.2969766157641432	0.0	0.40265774481717054	0.4911834311691211	0.0	0.19892233177875676	0.0	0.5704925414745765
249709	0.49142529250881467	0.3044113035602383	0.48955285874794835	0.0	0.0	0.0	0.0	0.5269964573418806	0.21747737550946988	0.580984707645192
441905	0.0	0.46107637611477603	0.0	0.48298302580086383	0.0	0.0	0.0	0.0	0.0	0.0
249689	0.0	0.0	0.4344914186337176	0.0	0.0	0.0	0.0	0.0	0.17066697821907867	0.0
305152	0.0	0.0	0.0	0.5612515227199619	0.5952941513879497	0.5848951245667788	0.0	0.0	0.0	0.0
305140	0.0	0.4036124738849892	0.0	0.0	0.5952941513879497	0.5848951245667788	0.29941905187919865	0.0	0.0	0.0
249647	0.0	0.42554972723625983	0.36945826731393033	0.43485400104184574	0.0	0.5863402229409092	0.0	0.49646661940693454	0.2732334218625541	0.6091620169547313
441693	0.0	0.0	0.5184520739670179	0.29868178431862796	0.0	0.0	0.0	0.0	0.39613853489036455	0.5657196445341405
249705	0.5079575754223924	0.4116503720386322	0.0	0.2935850862743029	0.0	0.6033564890205699	0.0	0.0	0.0	0.5846439005339101
441633	0.48807384719746916	0.3465562966638877	0.0	0.0	0.0	0.0	0.3162090791305698	0.0	0.0	0.5657196445341405
249601	0.4882597446128014	0.0	0.555125810641089	0.0	0.705141079136449	0.6056191272562657	0.0	0.5427925864647396	0.31121525185726934	0.7156797342649923
305178	0.0	0.0	0.0	0.4504573699915666	0.5952941513879497	0.5848951245667788	0.0	0.4972374385267056	0.0	0.6712538094470811
249607	0.0	0.0	0.5220280834060702	0.19059127034448253	0.0	0.6218878177090728	0.5136369786836936	0.0	0.0	0.0
249599	0.49302491831842454	0.36925473474101606	0.5726053020272989	0.0	0.6704266694852036	0.0	0.0	0.5359937686575463	0.3278433956583778	0.5786577232675955
441764	0.0	0.0	0.5253915330517182	0.2636527825320083	0.0	0.0	0.0	0.0	0.527925264285544	0.0
249701	0.318831247867773	0.0	0.597970794920302	0.0	0.0	0.0	0.35533242561595685	0.0	0.0	0.5832129722509923
441685	0.4871014437226157	0.0	0.0	0.40446444792927844	0.0	0.0	0.19799342659100072	0.47126993047854104	0.5092267173397045	0.5657196445341405
22495	0.48353858625582036	0.0	0.0	0.4919619774294698	0.0	0.0	0.0	0.453580614741979	0.3702699722877967	0.5673576061085827
441848	0.0	0.19060350292759992	0.5254046905160188	0.0	0.0	0.0	0.0	0.0	0.18999843217692974	0.0
441846	0.520747600106304	0.0	0.6088372649810944	0.34329470585292365	0.0	0.0	0.0	0.0	0.0	0.0
441686	0.6027599729233009	0.42042317490570635	0.0	0.5293168337690243	0.0	0.0	0.21393369505574894	0.5247803822233963	0.0	0.5657196445341405
22489	0.5465589921950861	0.0	0.5249095485180926	0.47385733249985196	0.7118502923310491	0.0	0.0	0.5174463168480143	0.5143161696088038	0.0
22452	0.4889929679197899	0.0	0.0	0.0	0.0	0.0	0.0	0.0	0.4713237897171786	0.607213430614603
249611	0.0	0.0	0.0	0.0	0.6699353750826463	0.424595614612419	0.0	0.23545713808034952	0.0	0.0
441869	0.0	0.23628871573571555	0.0	0.4722576438577025	0.0	0.0	0.3281508758909361	0.0	0.4697202151012813	0.0
22461	0.519244785104874	0.27177365576578943	0.7611929293641995	0.39402810672374006	0.0	0.6011909938775927	0.14513345930483187	0.0	0.4537844082156783	0.6869217235858203
249538	0.3706664454305765	0.45055268767758666	0.0	0.5542872767436642	0.7349991275909401	0.48960300916216437	0.3590200329915045	0.46089102595483017	0.536073021404157	0.0
249696	0.0	0.4210325567121033	0.4411230040695332	0.0	0.0	0.0	0.0	0.0	0.14338040253261053	0.0
441649	0.0	0.42866253477290533	0.4152126652745031	0.0	0.0	0.0	0.0	0.30766981028492835	0.0	0.5657196445341405
22505	0.0	0.299705682619527	0.0	0.33228585878836264	0.0	0.5913265594844227	0.0	0.5010013804061834	0.0	0.5790843872168826
441901	0.0	0.3098156564536841	0.6088372649810944	0.4907228788497589	0.0	0.0	0.0	0.0	0.22601878626565616	0.0
305249	0.0	0.2724075419354187	0.0	0.23048016683967373	0.5952941513879497	0.5848951245667788	0.0	0.0	0.39828012886993824	0.0
249610	0.35748838841064046	0.0	0.5404217516088697	0.0	0.0	0.0	0.4224122392817497	0.0	0.0	0.0
250010	0.4866452989341172	0.36398840633509644	0.5631461093630228	0.2454451578014057	0.0	0.0	0.3737582945461798	0.0	0.0	0.5724414808455999
305156	0.0	0.16798357958166016	0.0	0.4734758887519115	0.5952941513879497	0.5848951245667788	0.2232413803463154	0.4424692237917016	0.0	0.0
441779	0.0	0.0	0.5106349438733772	0.0	0.0	0.0	0.0	0.0	0.21570279328506775	0.0
22460	0.566507840297188	0.40944947057100634	0.6750626166809711	0.2258815232777012	0.6852322613637519	0.0	0.0	0.5673064863130415	0.0	0.6616300836258833
249613	0.482464997463609	0.0	0.4543664703830603	0.0	0.6648512329602958	0.6507832110437726	0.4700057435746176	0.0	0.15106309860960962	0.5862410703715952
441720	0.0	0.0	0.3417984219360964	0.5070463727229609	0.0	0.0	0.4047178187068609	0.30766981028492835	0.39591526545329014	0.5657196445341405
441823	0.0	0.0	0.36203568161897004	0.48598756512983504	0.0	0.0	0.0	0.0	0.21427936093088001	0.0
249563	0.5379579395828762	0.24173295968989655	0.5231837413125272	0.0	0.721502572214032	0.5997577478634862	0.0	0.5186535420632135	0.0	0.0
441877	0.0	0.0	0.46561777752332983	0.5508728581460259	0.0	0.0	0.0	0.0	0.0	0.0
441740	0.0	0.0	0.0	0.0	0.0	0.0	0.44723871533978454	0.0	0.0	0.0
441716	0.29713568595076595	0.0	0.0	0.4833038932132194	0.0	0.0	0.4391109542940244	0.30766981028492835	0.42881020806388787	0.5657196445341405
305179	0.0	0.0	0.5218523615296007	0.0	0.5952941513879497	0.5848951245667788	0.3292543932514769	0.29655522952011343	0.4403529318965868	0.0
249614	0.0	0.0	0.4122509574502375	0.0	0.6395237660506065	0.7023716925902935	0.39686351320073543	0.4879182949918799	0.3431248694399949	0.5749082557697457
441810	0.5050723472241068	0.0	0.40167394209494833	0.2040140546715885	0.0	0.0	0.4541491224445758	0.0	0.3765606901965067	0.573188995811621
305191	0.0	0.0	0.3598668717479313	0.0	0.5952941513879497	0.5848951245667788	0.1925477591927142	0.0	0.2908488980922945	0.0
305227	0.0	0.0	0.3598668717479313	0.0	0.5952941513879497	0.5848951245667788	0.0	0.0	0.40490501891784336	0.0
249596	0.2899422260315811	0.446817700848914	0.5528080969554762	0.0	0.6588235887245634	0.6880228135804982	0.17554604155426562	0.4325520723759557	0.1652444121680211	0.3947726383704665
441822	0.0	0.20625621446779396	0.2700398042357823	0.0	0.0	0.0	0.0	0.0	0.29488832028067247	0.0
441749	0.49619936399792586	0.3714324514520097	0.5345022674764606	0.21250621987778331	0.0	0.0	0.3953567381135421	0.0	0.0	0.0
249698	0.0	0.0	0.0	0.22117976462011424	0.0	0.7006636255164312	0.3960664712218268	0.0	0.0	0.5917591292900656
441718	0.0	0.3824443046198815	0.0	0.24843983334579253	0.0	0.0	0.0	0.25053670059204936	0.0	0.5657196445341405
249713	0.34425977437969707	0.0	0.0	0.0	0.0	0.0	0.0	0.46171132346113897	0.0	0.5726379805877582
441809	0.0	0.0	0.0	0.5475142302425956	0.0	0.0	0.0	0.5629813811560437	0.0	0.0
441694	0.0	0.6261128739566676	0.0	0.0	0.0	0.0	0.0	0.30766981028492835	0.29208622925587613	0.5773475887528536
441775	0.0	0.33226422765609576	0.549973326033404	0.0	0.0	0.0	0.0	0.6039521120598125	0.0	0.0
249603	0.5073907186190927	0.21909192672229888	0.6184004181335027	0.0	0.7377845041859542	0.7421314439306744	0.0	0.5120844937747953	0.22605285494677957	0.5667788980016367
249606	0.0	0.16950597665138284	0.5161446581287789	0.2777102970378566	0.0	0.6973863425363791	0.3605836377019261	0.3101476463821361	0.0	0.5696221726730835
441738	0.0	0.17675462984250975	0.0	0.0	0.0	0.0	0.0	0.0	0.0	0.0
441771	0.4839491281467984	0.0	0.5254046905160188	0.3745501709590305	0.0	0.0	0.2064258396033332	0.5224116549759453	0.0	0.0
441800	0.0	0.2881559086193325	0.0	0.35677638074962803	0.0	0.0	0.40094335531475656	0.0	0.3473017589985213	0.0
249690	0.0	0.0	0.0	0.0	0.0	0.352852154611975	0.0	0.0	0.0	0.572898681652705
305247	0.3102645036398994	0.47940834248678393	0.0	0.3598273514786808	0.5952941513879497	0.5848951245667788	0.0	0.0	0.0	0.0
249620	0.0	0.32607458680836965	0.0	0.0	0.0	0.6210241846524792	0.29301983796985653	0.455860599016661	0.14279758818557012	0.5674752960111009
22491	0.4926847603494281	0.0	0.0	0.2624839487770655	0.0	0.8354531100576011	0.2577583337036419	0.0	0.34486126736762934	0.0
249635	0.571534261027004	0.0	0.0	0.0	0.0	0.0	0.0	0.5391462641053795	0.20360733177685603	0.0
441851	0.0	0.4132229632327817	0.4220344689358966	0.5189129953559419	0.0	0.0	0.0	0.0	0.5124296176817559	0.0
249652	0.5500796359051471	0.0	0.0	0.0	0.7080901583641532	0.683634321493744	0.0	0.2548172777449782	0.0	0.0
249545	0.5332710485452508	0.475001188467413	0.0	0.5897152871255305	0.7518693920256483	0.607338559980845	0.0	0.22826825712052515	0.4580464503336906	0.0
441783	0.0	0.0	0.0	0.0	0.0	0.0	0.1844944953066335	0.0	0.0	0.0
249564	0.5072109077941472	0.0	0.27176775996740504	0.0	0.0	0.0	0.3890689288464482	0.2933448861541294	0.0	0.0
249542	0.31785837008641826	0.48184115785164294	0.0	0.5070124587447886	0.7535476198819432	0.6135999592256833	0.44394209181013994	0.0	0.5003904253029045	0.6134609778778046
441832	0.3364604344993078	0.0	0.0	0.0	0.0	0.0	0.22479079349796893	0.0	0.14951917207453344	0.0
249534	0.0	0.49923565313965246	0.0	0.5762823049688545	0.0	0.6980548430124036	0.4046535766706028	0.4049092641665207	0.5184621848162789	0.0
441833	0.0	0.0	0.549973326033404	0.4907228788497589	0.0	0.0	0.47274696139723027	0.6438982519211218	0.0	0.0
249618	0.0	0.16283507985056586	0.29771717679247595	0.0	0.6296818471547541	0.0	0.0	0.2855085027960333	0.0	0.631360002949782
441696	0.0	0.3611505280623114	0.0	0.5050709211992054	0.0	0.0	0.0	0.35975221354672426	0.0	0.5657196445341405
441854	0.0	0.21859240549459183	0.549973326033404	0.0	0.0	0.0	0.4310533987762665	0.0	0.0	0.0
22469	0.0	0.0	0.0	0.0	0.0	0.0	0.1777397414251113	0.0	0.0	0.0
441645	0.0	0.0	0.42632203186687295	0.0	0.0	0.0	0.2649871716565817	0.0	0.5115086505425639	0.5657196445341405
249710	0.4800903931111362	0.0	0.2702474583779792	0.0	0.0	0.0	0.3225144557157997	0.0	0.0	0.0
441811	0.0	0.4043311790369847	0.0	0.0	0.0	0.0	0.0	0.0	0.34667333760763314	0.0
441828	0.0	0.45462898688552267	0.5106349438733772	0.4630481772208419	0.0	0.0	0.0	0.0	0.0	0.0
441705	0.0	0.4227858172949176	0.3417984219360964	0.327435095487566	0.0	0.0	0.34547376629323207	0.48881593990324795	0.4698903014884123	0.5657196445341405
441737	0.0	0.2104078429220802	0.5470473706602031	0.363577080991341	0.0	0.0	0.39664155190397615	0.0	0.0	0.0
441820	0.0	0.4988864408329625	0.0	0.5748407775937674	0.0	0.0	0.0	0.0	0.0	0.0
441628	0.23109606880498704	0.4097384754531159	0.5529218790862364	0.4912641221757186	0.0	0.0	0.0	0.5025977745937844	0.5453680399012869	0.5657196445341405
441873	0.0	0.0	0.5106349438733772	0.0	0.0	0.0	0.0	0.0	0.37519020801468794	0.0
305248	0.0	0.33686291892745845	0.0	0.4864300898639658	0.5952941513879497	0.5848951245667788	0.16642299668503985	0.470058882985467	0.1552502422845956	0.0
250015	0.2853216884845076	0.0	0.5089227578345598	0.0	0.0	0.5982432861906101	0.0	0.311258590403088	0.0	0.6233728086671071
250006	0.0	0.0	0.0	0.280002482348825	0.0	0.0	0.6192381525844476	0.5642412690761855	0.0	0.0
305180	0.0	0.33025760410995275	0.5180891099279504	0.0	0.5952941513879497	0.5848951245667788	0.0	0.5656530975855277	0.42028443000931237	0.0
305144	0.0	0.16703601826842027	0.5120245073663121	0.4560790066158292	0.5939697567306045	0.5842965816806016	0.39749560679851875	0.19706444645405705	0.0	0.0
305190	0.4924387815278568	0.0	0.0	0.196157946252238	0.5952941513879497	0.5848951245667788	0.47387609897881294	0.0	0.3931840650634689	0.0
305254	0.0	0.0	0.0	0.23048016683967373	0.5952941513879497	0.5848951245667788	0.43517052581897553	0.0	0.0	0.0
249533	0.48456234373938123	0.4473312401636323	0.0	0.5491675069686732	0.7221428384752608	0.6474233329172842	0.41427657785478805	0.0	0.5263420121097809	0.0
441724	0.48848392199686586	0.0	0.0	0.0	0.0	0.0	0.15193867345015247	0.30766981028492835	0.0	0.5659617737054647
305183	0.0	0.0	0.3598668717479313	0.0	0.5952941513879497	0.5848951245667788	0.2475735971421323	0.0	0.39936785490456034	0.0
441813	0.49190094611151414	0.0	0.0	0.33968939119859853	0.0	0.0	0.0	0.0	0.0	0.0
441767	0.0	0.41838700781485855	0.5254046905160188	0.4359516451583557	0.0	0.0	0.0	0.0	0.23966845677451082	0.0
441815	0.35801270687856535	0.35749718159424165	0.0	0.0	0.0	0.0	0.0	0.0	0.0	0.0
441713	0.5034581934366145	0.0	0.0	0.44587272396611655	0.0	0.0	0.0	0.0	0.21074710869696697	0.5657196445341405
441898	0.0	0.42931180236411304	0.0	0.4907228788497589	0.0	0.0	0.0	0.0	0.0	0.0
249632	0.0	0.23089512301387694	0.4523263314250359	0.0	0.0	0.0	0.39433097018423446	0.27006078800434835	0.0	0.0
305221	0.0	0.0	0.5120384028747552	0.0	0.5952941513879497	0.5848951245667788	0.1544457686352158	0.0	0.38800179487448133	0.0
441805	0.0	0.0	0.4141943265113739	0.3186806113435809	0.0	0.0	0.0	0.0	0.43016458481376624	0.0
305219	0.0	0.0	0.3598668717479313	0.0	0.5952941513879497	0.5848951245667788	0.0	0.0	0.0	0.0
305195	0.5050710789680676	0.0	0.0	0.0	0.5952941513879497	0.5848951245667788	0.0	0.5984280536707458	0.32688084620985963	0.0
441641	0.0	0.0	0.3417984219360964	0.0	0.0	0.0	0.1763513605584087	0.30766981028492835	0.16464383248555137	0.5657196445341405
441747	0.0	0.41394278005219953	0.4994813501703091	0.5742288303774883	0.0	0.0	0.0	0.0	0.23915232237084597	0.0
441864	0.5093717419215914	0.29991470289651473	0.5106349438733772	0.2567151515048795	0.0	0.0	0.0	0.0	0.1637175495200665	0.0
441883	0.42293220498812445	0.0	0.0	0.0	0.0	0.0	0.4219616325534286	0.0	0.2834978696147534	0.0
441789	0.0	0.5122985998046676	0.5106349438733772	0.0	0.0	0.0	0.0	0.5857008251719991	0.0	0.0
305131	0.0	0.0	0.4244546252154481	0.23048016683967373	0.5952941513879497	0.5848951245667788	0.4053758389114719	0.0	0.0	0.0
249595	0.5228149116340063	0.0	0.5140955877595574	0.0	0.6267328338757084	0.0	0.20458605598781987	0.0	0.0	0.0
305203	0.0	0.0	0.5120384028747552	0.0	0.5952941513879497	0.5848951245667788	0.0	0.5043014323010728	0.19625238237609216	0.0
441732	0.0	0.2375950242137966	0.0	0.0	0.0	0.0	0.4430556747602337	0.0	0.32164985257633133	0.0
441860	0.0	0.0	0.5418510552956356	0.40395771508314177	0.0	0.0	0.38229162844013814	0.2161221587229441	0.0	0.0
305169	0.0	0.2581731191434584	0.0	0.4504573699915666	0.5952941513879497	0.5848951245667788	0.4563552190095596	0.0	0.0	0.0
249602	0.615714602751218	0.3677552538871514	0.0	0.0	0.6852279346388266	0.6595432521104637	0.0	0.28772658093976516	0.0	0.697283854573656
441884	0.0	0.6432051811400807	0.0	0.0	0.0	0.0	0.0	0.0	0.0	0.0
305240	0.0	0.0	0.40243987056059494	0.5601426549337791	0.5952941513879497	0.5848951245667788	0.0	0.0	0.45677697027604053	0.0
249653	0.4853409893527487	0.2318319280946389	0.4418598419857642	0.0	0.0	0.6016576461113878	0.0	0.0	0.25833773196422954	0.5723713376176734
441862	0.0	0.401993688219272	0.4623810977506719	0.0	0.0	0.0	0.0	0.0	0.4547684001888588	0.0
249687	0.0	0.0	0.0	0.0	0.0	0.0	0.0	0.2743644980584815	0.0	0.6107286334121631
249633	0.37728360837070174	0.40586166324783207	0.4710367566300203	0.0	0.0	0.6350298020220708	0.4095431568552643	0.4538253296852977	0.24341894484918264	0.586799817890857
441895	0.5087884885422947	0.0	0.0	0.4447717682994234	0.0	0.0	0.0	0.0	0.30795089980091606	0.0
22485	0.3487430336536785	0.1989233359943715	0.0	0.0	0.0	0.0	0.3262155756062763	0.32459311646981104	0.0	0.6422295860961372
441787	0.0	0.0	0.50802637222631	0.4907228788497589	0.0	0.0	0.0	0.0	0.5316586364326383	0.0
305243	0.5051902804156455	0.0	0.0	0.0	0.5952941513879497	0.5848951245667788	0.0	0.0	0.39763411158195755	0.0
305129	0.0	0.2186360108802198	0.0	0.3485623527207934	0.5952941513879497	0.5848951245667788	0.2171856797197535	0.0	0.0	0.0
441773	0.4890170639595988	0.0	0.42026413502622434	0.0	0.0	0.0	0.28135268488346904	0.0	0.0	0.0
305212	0.0	0.4400766131472045	0.3598668717479313	0.0	0.5952941513879497	0.5848951245667788	0.0	0.0	0.42059843685003134	0.0
441721	0.0	0.4285031599698447	0.3417984219360964	0.0	0.0	0.0	0.4140720810270268	0.4716667753214881	0.0	0.5657196445341405
250011	0.3805103745509798	0.0	0.5074393861648633	0.0	0.0	0.6680270136334548	0.0	0.0	0.1822090911577408	0.6138695073372815
22463	0.5325094266467406	0.0	0.499485666536235	0.5259953650561464	0.0	0.7430755908494479	0.0	0.2580300175543052	0.0	0.0
249555	0.5253297322781156	0.0	0.5184813665255098	0.0	0.6804302656478339	0.0	0.0	0.5587472860950669	0.25355989750912844	0.0
249529	0.4978877476103889	0.49832193216747905	0.0	0.48260224892867226	0.8395487597617806	0.6073826331569558	0.20320608481988534	0.0	0.4781303862200415	0.637311556997518
441836	0.0	0.0	0.0	0.0	0.0	0.0	0.0	0.0	0.0	0.5919201817270608
249539	0.2481148527134985	0.4685842325098093	0.0	0.43204059657081845	0.7302239267898198	0.6673983514461581	0.0	0.4838844924624462	0.48353783570965836	0.0
441920	0.23109576163847814	0.39446376815565654	0.6088372649810944	0.0	0.0	0.0	0.0	0.45943057905980955	0.4297945419300914	0.0
441676	0.0	0.34461380369065325	0.0	0.0	0.0	0.0	0.2407226155173169	0.0	0.3501278883427807	0.5657196445341405
441778	0.0	0.3361203039247399	0.0	0.0	0.0	0.0	0.0	0.0	0.3926930137077986	0.0
441878	0.0	0.0	0.0	0.3765052243201078	0.0	0.0	0.0	0.0	0.3662408473683668	0.0
441837	0.0	0.0	0.5106349438733772	0.0	0.0	0.0	0.0	0.0	0.16979157271838077	0.0
305205	0.48211325252092024	0.0	0.0	0.2112651224970098	0.5952941513879497	0.5848951245667788	0.0	0.0	0.0	0.0
305185	0.0	0.3096122916394087	0.5180891099279504	0.0	0.5952941513879497	0.5848951245667788	0.0	0.0	0.28107399496825675	0.0
305181	0.2656271046456853	0.0	0.5548921863229979	0.3291696167369743	0.5952941513879497	0.5848951245667788	0.0	0.0	0.0	0.0
305170	0.0	0.0	0.0	0.4397282262711073	0.5952941513879497	0.5848951245667788	0.38717067101824487	0.0	0.0	0.0
441715	0.5182460603681782	0.22741311952106325	0.4676874990913229	0.504217547945068	0.0	0.0	0.0	0.0	0.36707344521803853	0.5657196445341405
441708	0.0	0.4441471902291991	0.3575762231913799	0.5018447901445094	0.0	0.0	0.23812594745713356	0.0	0.17583247973588845	0.5657196445341405
441830	0.0	0.3531126644630144	0.4452719757451356	0.0	0.0	0.0	0.0	0.0	0.486957910893677	0.0
441793	0.0	0.0	0.0	0.0	0.0	0.0	0.45054515213522695	0.0	0.0	0.0
305182	0.0	0.0	0.0	0.0	0.5952941513879497	0.0	0.18542445439058977	0.0	0.3598987059434261	0.0
441701	0.0	0.36243068208733636	0.0	0.0	0.0	0.0	0.44750893317263957	0.0	0.0	0.5657196445341405
441855	0.0	0.4437005146795955	0.6614993235071495	0.24854389310987707	0.0	0.0	0.48031223143146246	0.44174991895630716	0.0	0.0
441842	0.0	0.0	0.5254046905160188	0.46332498446053577	0.0	0.0	0.0	0.36073498522116354	0.0	0.0
441699	0.4955157344920973	0.47663408719214295	0.5184520739670179	0.5293168337690243	0.0	0.0	0.0	0.49167114090874375	0.46692756700269056	0.5657196445341405
305139	0.0	0.42439101974685345	0.3598668717479313	0.40411913345235034	0.5952941513879497	0.5848951245667788	0.4193071218313426	0.0	0.0	0.0
249657	0.0	0.0	0.0	0.4952029720520379	0.6064164990228014	0.0	0.0	0.571137263548024	0.0	0.0
22490	0.4898453697903244	0.422771835067746	0.0	0.0	0.6835760831785084	0.0	0.19173494984032435	0.5013262716657392	0.0	0.0
441802	0.0	0.0	0.4010048889435283	0.0	0.0	0.0	0.4447216941816285	0.0	0.0	0.0
441759	0.0	0.3990170283037767	0.0	0.0	0.0	0.0	0.28581291012294213	0.0	0.4176459893722328	0.0
249631	0.0	0.0	0.0	0.0	0.0	0.0	0.18788036498728558	0.3352205662188237	0.0	0.5853497204525328
22484	0.0	0.0	0.0	0.338354688000908	0.0	0.0	0.0	0.5011314641312524	0.0	0.5793995968973058
249691	0.0	0.0	0.41687422307641303	0.19887588519267843	0.0	0.0	0.1929686940709393	0.0	0.0	0.6705347171882806
249296	0.0	0.40897601100062414	0.0	0.547702101477881	0.845852136878772	0.0	0.46588305744002584	0.0	0.41856898440041407	0.576867507039864
22500	0.0	0.29956847608957465	0.568017007448845	0.0	0.6132618758202846	0.0	0.3907572373289579	0.44746683869028014	0.0	0.6716186937445923
249548	0.5026130008748706	0.46194853530467817	0.0	0.5232147138787576	0.8424705020803934	0.7227491038035041	0.22221425428627695	0.4752787060667963	0.5679994561816903	0.0
249629	0.5038183791784834	0.2614515832459345	0.5538048060281129	0.3396330671978753	0.6213043812284679	0.0	0.0	0.0	0.0	0.7755403798281216
441763	0.5098732720581449	0.0	0.0	0.4733128601897569	0.0	0.0	0.3662338628073405	0.0	0.3916451108188844	0.0
441912	0.7305535897203479	0.0	0.5254046905160188	0.474704934082077	0.0	0.0	0.0	0.0	0.0	0.0
305234	0.0	0.0	0.5772293170171966	0.0	0.5952941513879497	0.5848951245667788	0.0	0.4753742384629854	0.4199740364670858	0.0
250007	0.0	0.2080814310971824	0.5392161804664096	0.0	0.6004546299627608	0.0	0.0	0.41291774524499697	0.0	0.0
305150	0.4824487576681549	0.4751730688849498	0.5120384028747552	0.23048016683967373	0.5952941513879497	0.5848951245667788	0.39062932370369385	0.5037749310056356	0.35216646181256095	0.0
22494	0.4851376694089418	0.0	0.0	0.0	0.0	0.0	0.42361749953874217	0.0	0.0	0.0
305233	0.5386396084725259	0.4568618186409669	0.0	0.405301444558427	0.5952941513879497	0.5848951245667788	0.28611742914984906	0.3478472466041752	0.35358710413155137	0.0
22499	0.0	0.0	0.5569936811082445	0.5268231670053373	0.6612639908275704	0.7518686024488206	0.2040875314442939	0.48443478864689765	0.0	0.6181758088861021
441899	0.0	0.0	0.0	0.48598756512983504	0.0	0.0	0.0	0.0	0.32867558749333103	0.0
441762	0.0	0.37424876519555555	0.549973326033404	0.5748407775937674	0.0	0.0	0.4173422028887236	0.0	0.0	0.0
305214	0.0	0.0	0.0	0.0	0.5952941513879497	0.5848951245667788	0.5019225133133339	0.0	0.0	0.0
305186	0.0	0.0	0.0	0.0	0.5952941513879497	0.5848951245667788	0.0	0.26835977885174805	0.2560801096530043	0.0
441769	0.4912701813900785	0.4218785414036046	0.0	0.0	0.0	0.0	0.44203853413573546	0.0	0.35085617153164317	0.0
441818	0.0	0.0	0.5009633440410122	0.0	0.0	0.0	0.0	0.0	0.41644271484587614	0.0
305168	0.48038646367006677	0.0	0.0	0.2503828664874696	0.5952941513879497	0.5848951245667788	0.31578953349561056	0.0	0.0	0.0
305196	0.0	0.0	0.0	0.0	0.5952941513879497	0.5848951245667788	0.0	0.5411705724552911	0.4091585970531334	0.0
249668	0.0	0.0	0.0	0.21588368537036795	0.0	0.0	0.0	0.24829807121324218	0.0	0.0
441650	0.0	0.2794232828997245	0.42632203186687295	0.0	0.0	0.0	0.0	0.30766981028492835	0.0	0.5657196445341405
249693	0.0	0.0	0.5196909163248469	0.31983273337239976	0.0	0.0	0.0	0.0	0.0	0.6126084445334574
305141	0.0	0.0	0.5133820097405397	0.0	0.5952941513879497	0.5848951245667788	0.0	0.0	0.0	0.0
250016	0.49068567976704175	0.0	0.5149258304871756	0.0	0.0	0.0	0.43449758352810164	0.0	0.0	0.5673712576212122
441690	0.0	0.5706695259536233	0.0	0.5464633834247506	0.0	0.0	0.0	0.30766981028492835	0.0	0.5657196445341405
441772	0.5220075890200832	0.40918282164748737	0.549973326033404	0.43904539690231087	0.0	0.0	0.0	0.5113411078214173	0.38044793082423656	0.0
249636	0.0	0.5859741003027799	0.0	0.3038060267952994	0.6974005218305634	0.6925016364382703	0.0	0.20793018558150655	0.6398169883954664	0.0
305223	0.43971237761510396	0.321753601698598	0.0	0.40411913345235034	0.5952941513879497	0.5618041657481097	0.0	0.0	0.22076676552972394	0.0
441887	0.0	0.5800264227208524	0.0	0.0	0.0	0.0	0.0	0.0	0.4558838116408239	0.0
441825	0.34140493077159967	0.48979900421310835	0.0	0.2955052621806697	0.0	0.0	0.0	0.4860856535103901	0.43377271367545805	0.0
249640	0.583605408749444	0.0	0.3325516188116074	0.2423581193079108	0.0	0.6381719207771589	0.39636905706518144	0.30103121110750136	0.0	0.0
249646	0.0	0.0	0.0	0.517316922093499	0.42549905146817807	0.6430069398115437	0.3193850659245893	0.0	0.0	0.0
441629	0.48442973569882253	0.0	0.0	0.5293168337690243	0.0	0.0	0.0	0.0	0.3276538663228585	0.5657196445341405
249608	0.49215856841415545	0.0	0.5812615294651362	0.0	0.7325228522181498	0.0	0.4195441145643626	0.0	0.0	0.5844853496170885
441892	0.0	0.0	0.5106349438733772	0.0	0.0	0.0	0.15697072338933069	0.0	0.0	0.0
305262	0.0	0.2992369221996705	0.0	0.0	0.5952941513879497	0.5848951245667788	0.6404642363877513	0.0	0.0	0.0
441780	0.0	0.39400948194311686	0.0	0.49033938602394195	0.0	0.0	0.0	0.0	0.0	0.0
249707	0.0	0.0	0.0	0.4904222580642162	0.0	0.0	0.5211596176850588	0.0	0.0	0.6431687075959848
22467	0.0	0.26331177261964384	0.0	0.0	0.6790183207056055	0.6597107796764381	0.396079057536552	0.0	0.0	0.0
305257	0.0	0.41906117256118464	0.0	0.5189335877534601	0.5952941513879497	0.5848951245667788	0.3545003960732142	0.40600666822363124	0.0	0.0
441658	0.0	0.16477673426547296	0.0	0.4573276952251725	0.0	0.0	0.5613796023840144	0.30766981028492835	0.0	0.5657196445341405
249605	0.42722661488866454	0.0	0.45310340993557857	0.0	0.0	0.0	0.0	0.45418005927617483	0.16608135750261596	0.6064515022401865
441748	0.6293333403233529	0.41097173338312737	0.5106349438733772	0.44795807676549454	0.0	0.0	0.0	0.0	0.47001821373789526	0.0
305207	0.0	0.0	0.49262779087654535	0.0	0.5952941513879497	0.5848951245667788	0.3440124266987331	0.0	0.40384505560599143	0.0
249666	0.0	0.28813933828631494	0.0	0.0	0.6133573917398848	0.602708490409119	0.0	0.0	0.0	0.0
441659	0.4996089712519447	0.0	0.42632203186687295	0.4526193466776258	0.0	0.0	0.17211294119006898	0.5456329865354561	0.31593907567474694	0.5657196445341405
441807	0.28674016755539455	0.0	0.0	0.0	0.0	0.0	0.2504411281478857	0.0	0.0	0.0
249628	0.0	0.0	0.39114100935204393	0.0	0.0	0.640029277444474	0.2950364989000887	0.349052671342166	0.0	0.0
249694	0.0	0.0	0.43737473429426577	0.0	0.0	0.5868836010417182	0.0	0.4764301212102892	0.0	0.0
22477	0.5138752643612745	0.4327687104072648	0.6446544510395843	0.32068666384244887	0.6809387892749454	0.0	0.0	0.5043317145998283	0.0	0.610732626653532
305216	0.5169347076225392	0.0	0.0	0.4504573699915666	0.5952941513879497	0.5848951245667788	0.0	0.4909082841313749	0.4027084053277958	0.5039907660145303
305177	0.0	0.0	0.0	0.0	0.5952941513879497	0.5848951245667788	0.4654994018804367	0.0	0.0	0.0
249634	0.2532993542783577	0.0	0.0	0.0	0.661813524196327	0.6135261086236726	0.2842421322879597	0.49192997018146695	0.0	0.5737072417375647
441680	0.48488312309324916	0.1809948961464708	0.4016834550305733	0.0	0.0	0.0	0.0	0.0	0.448458673733037	0.5657196445341405
441897	0.0	0.46295250173386765	0.2906369160253972	0.37165557367791235	0.0	0.0	0.0	0.0	0.4125328281730123	0.0
249655	0.31864551621611037	0.0	0.0	0.0	0.6301077589931661	0.6370475817286598	0.0	0.5565649122781899	0.27057055832476157	0.7632401498414156
441636	0.38531649803279205	0.4987857199332466	0.3417984219360964	0.0	0.0	0.0	0.45074701725110305	0.46800433916277956	0.0	0.5660194270811238
305174	0.0	0.0	0.0	0.2894615441323591	0.5952941513879497	0.5848951245667788	0.3066613191755094	0.0	0.0	0.0
441761	0.0	0.35468416918910967	0.5361192148545078	0.0	0.0	0.0	0.0	0.0	0.45933165622263744	0.0
441733	0.0	0.0	0.0	0.0	0.0	0.0	0.0	0.0	0.39781319299163	0.0
22454	0.0	0.0	0.0	0.0	0.0	0.6344025234010453	0.4470752402324279	0.0	0.0	0.0
441681	0.0	0.0	0.0	0.2526572008410965	0.0	0.0	0.4231032808662712	0.30766981028492835	0.4902605656473401	0.5657196445341405
441683	0.0	0.4353860654534796	0.0	0.0	0.0	0.0	0.0	0.20701939242221754	0.17218811764856704	0.5657196445341405
441863	0.0	0.0	0.6088372649810944	0.2040140546715885	0.0	0.0	0.0	0.0	0.4104804059028252	0.0
249637	0.4806894246069747	0.0	0.33284601996465957	0.0	0.6220329296403531	0.6261545181440831	0.0	0.49349096733686	0.0	0.5784185302927808
441847	0.0	0.0	0.6007540663789276	0.21123567459006365	0.0	0.0	0.4220829206366277	0.5209685898288335	0.0	0.0
441654	0.0	0.0	0.0	0.0	0.0	0.0	0.4877425629839535	0.30766981028492835	0.31096195175754215	0.5657196445341405
249609	0.48142199342420944	0.0	0.41666150740922897	0.0	0.0	0.0	0.23146789237081383	0.0	0.22443383167102685	0.0
441646	0.4872886641938676	0.0	0.0	0.28251774522647755	0.0	0.0	0.2994866774465419	0.4515670456162443	0.0	0.5657196445341405
441795	0.0	0.0	0.3261130783243699	0.0	0.0	0.0	0.0	0.0	0.0	0.0
441870	0.0	0.0	0.0	0.25508152492578917	0.0	0.0	0.25880070052313303	0.0	0.0	0.0
249706	0.4723838998037247	0.36002711194279624	0.0	0.2591634619379742	0.0	0.0	0.0	0.0	0.0	0.6196763339859889
305167	0.3652090125594831	0.22160923019446738	0.0	0.0	0.5952941513879497	0.5848951245667788	0.0	0.4776830727706012	0.43840168503313587	0.0
441729	0.0	0.0	0.0	0.4847912267187827	0.0	0.0	0.0	0.0	0.2860211660097034	0.0
22497	0.4932309570491915	0.0	0.0	0.0	0.6480942264566742	0.6525844973419803	0.39193883727963535	0.0	0.21607614698121103	0.0
305220	0.0	0.0	0.35611211748854393	0.0	0.5952941513879497	0.5848951245667788	0.0	0.0	0.41732745103309077	0.0
441797	0.0	0.1586954649922331	0.0	0.35019367184525446	0.0	0.0	0.0	0.0	0.0	0.0
305253	0.0	0.3272942814514311	0.5180891099279504	0.34463450521790123	0.5952941513879497	0.5848951245667788	0.397307268834656	0.26768953698747694	0.4549046600389488	0.0
305217	0.0	0.42481674448146334	0.35014423587568927	0.4233400521151748	0.0	0.5848951245667788	0.0	0.0	0.0	0.0
441744	0.3749335635944456	0.43150604865713627	0.0	0.5164644074299296	0.0	0.0	0.512650153760697	0.4974520504744673	0.3578452663623385	0.0
441850	0.0	0.4292577549727829	0.5638464665216855	0.5422945142071006	0.0	0.0	0.2463199687554035	0.0	0.3005166120931224	0.0
250012	0.2769184613548255	0.0	0.42144399423553286	0.0	0.0	0.6065506630103884	0.0	0.20735235937224492	0.0	0.0
441872	0.0	0.40560676183994	0.0	0.0	0.0	0.0	0.19578066001989763	0.0	0.26515909573253266	0.0
22496	0.4810584455272101	0.42855845890821725	0.5178226041641693	0.0	0.6072912817799467	0.7418991518708088	0.4316372134078736	0.4746150576697519	0.21304787758322125	0.689184727728811
441719	0.0	0.0	0.0	0.0	0.0	0.0	0.4431828899726503	0.0	0.0	0.5657196445341405
441919	0.0	0.19680111334216405	0.5106349438733772	0.5271584495607077	0.0	0.0	0.0	0.0	0.286159285824853	0.0
249524	0.49005551068171266	0.3277073869838821	0.0	0.6896033823931332	0.7382784824608799	0.680387106901035	0.40706173581862953	0.0	0.5248675680433705	0.0
441666	0.0	0.0	0.27932808872305953	0.0	0.0	0.0	0.0	0.5370858267237673	0.0	0.5657196445341405
249556	0.48416083515265074	0.0	0.3441814705624939	0.0	0.0	0.0	0.0	0.4786873833886865	0.2296627231518201	0.0
305176	0.0	0.0	0.513414763524826	0.4682497461775234	0.5952941513879497	0.5848951245667788	0.3382035354256135	0.0	0.45313937943479676	0.0
305225	0.4891977516735792	0.0	0.0	0.3399733788963065	0.5952941513879497	0.5848951245667788	0.0	0.5797362655979184	0.575071061139279	0.0
305146	0.0	0.23489546573211184	0.0	0.23106375353174985	0.5952941513879497	0.5848951245667788	0.44870149641582757	0.0	0.42973642461900396	0.0
305142	0.0	0.0	0.5120384028747552	0.0	0.5952941513879497	0.4608004191615962	0.48804787609995004	0.0	0.3419732054303494	0.0
305155	0.0	0.0	0.0	0.4438595304841036	0.5952941513879497	0.5848951245667788	0.2869338474844671	0.0	0.0	0.0
441709	0.0	0.0	0.0	0.522720594109715	0.0	0.0	0.0	0.0	0.0	0.5657196445341405
305261	0.0	0.42157130569520473	0.0	0.40411913345235034	0.5952941513879497	0.5848951245667788	0.0	0.0	0.0	0.0
305172	0.0	0.41967683407690554	0.0	0.5612515227199619	0.5952941513879497	0.5848951245667788	0.40928040704061536	0.6410584092063609	0.47064652490105807	0.0
22471	0.0	0.41024646102099216	0.0	0.0	0.6770260449375676	0.671246453232033	0.4454539091278359	0.0	0.42474197920786994	0.6035011331498292
441903	0.0	0.3926188186129361	0.5106349438733772	0.0	0.0	0.0	0.0	0.0	0.0	0.0
22459	0.5046145938700775	0.3305268590737118	0.6014730326152379	0.47963272716824934	0.0	0.761803906659982	0.15550201636165978	0.5324014924873401	0.41801525423173763	0.6727230893325128
305194	0.0	0.3993464582383417	0.5706498776890255	0.23048016683967373	0.5952941513879497	0.0	0.0	0.32623951106875554	0.5365433023810277	0.0
441774	0.0	0.29262994419984606	0.5254046905160188	0.537226767079968	0.0	0.0	0.0	0.5446200888021197	0.3116023601392481	0.3230310647325159
441655	0.0	0.0	0.0	0.0	0.0	0.0	0.5163448453003711	0.307965893564288	0.0	0.5657196445341405
441682	0.3905609197463996	0.23599125985444822	0.3417984219360964	0.27906378915278235	0.0	0.0	0.4175092518813927	0.30766981028492835	0.39250930385213245	0.5657196445341405
441868	0.0	0.0	0.45947761945765386	0.24385231791961684	0.0	0.0	0.0	0.6980248241811023	0.0	0.0
441640	0.0	0.0	0.5184520739670179	0.4043228883516145	0.0	0.0	0.0	0.31869022438330313	0.3919547782293027	0.5657196445341405
441796	0.3940645704385041	0.0	0.0	0.0	0.0	0.0	0.4057433644083675	0.0	0.18005251473529657	0.0
22475	0.0	0.4467942433420326	0.0	0.5386682469111879	0.608335104131851	0.0	0.0	0.19957459904036173	0.3786531838877128	0.6602912814942896
441768	0.4825945837138587	0.3987766814385153	0.0	0.0	0.0	0.0	0.4996416709549663	0.0	0.4020466066237904	0.0
441806	0.42933532186218765	0.0	0.5144405864463798	0.0	0.0	0.0	0.0	0.0	0.0	0.0
305239	0.0	0.0	0.0	0.2256391422136709	0.5952941513879497	0.5848951245667788	0.23273182001552087	0.4811432120843956	0.0	0.0
441670	0.0	0.0	0.6191950598016105	0.26826638566264926	0.0	0.0	0.0	0.0	0.5059597101413168	0.5657196445341405
441827	0.0	0.0	0.0	0.5308974922596358	0.0	0.0	0.27039118205155915	0.0	0.0	0.0
250004	0.3287712511431564	0.0	0.0	0.49807066652558746	0.0	0.5893688951913515	0.0	0.6554700668715245	0.0	0.5667992172328451
441906	0.0	0.0	0.0	0.4907228788497589	0.0	0.0	0.39764608342870206	0.0	0.0	0.0
441785	0.0	0.0	0.0	0.4907228788497589	0.0	0.0	0.0	0.0	0.16303975704445917	0.0
305189	0.0	0.21049677669515576	0.0	0.0	0.5952941513879497	0.5848951245667788	0.4036274761142609	0.5075384710739917	0.0	0.0
249544	0.0	0.15921558772596053	0.0	0.5324765300493616	0.7505365717382749	0.0	0.3131617963478943	0.2561006049469644	0.4307828969047147	0.6012501536480142
441756	0.3341666305658717	0.47958554024238254	0.5106349438733772	0.0	0.0	0.0	0.4771684790892693	0.0	0.42544276087172495	0.0
249649	0.3455682850993273	0.0	0.5237101389306552	0.0	0.44342864231340356	0.7006197400178115	0.0	0.5206231416347317	0.0	0.0
441644	0.262378635991047	0.22008819387195858	0.42632203186687295	0.5622999374648083	0.0	0.0	0.16772847606592722	0.30766981028492835	0.43772527436137587	0.5657196445341405
249612	0.0	0.0	0.0	0.0	0.6346349036467349	0.6593540823995093	0.28874744017727805	0.404391729001118	0.0	0.5792204628751328
441697	0.5962632742249845	0.0	0.42632203186687295	0.3331111774446068	0.0	0.0	0.0	0.30766981028492835	0.4418359086096931	0.5657196445341405
249651	0.0	0.0	0.38541889029958104	0.0	0.0	0.0	0.0	0.0	0.23247553622913159	0.6481717915382396
441816	0.0	0.45137867243438035	0.5106349438733772	0.0	0.0	0.0	0.0	0.0	0.4266699170700697	0.0
441751	0.0	0.28729314116153404	0.2676236129211166	0.0	0.0	0.0	0.3793405686990077	0.0	0.0	0.0
305145	0.0	0.40708291927868423	0.5137732324019817	0.0	0.5952941513879497	0.5848951245667788	0.14466807362172443	0.0	0.0	0.0
22481	0.0	0.0	0.0	0.0	0.529736498554906	0.5867290411100725	0.4770799162533055	0.0	0.0	0.6271173342678755
441678	0.0	0.0	0.0	0.0	0.0	0.0	0.32540605068543377	0.0	0.0	0.5657196445341405
249642	0.0	0.3522317007157211	0.0	0.0	0.5978700551312212	0.0	0.0	0.45507501184272864	0.0	0.583499252347235
441845	0.0	0.4113780664181439	0.5254046905160188	0.0	0.0	0.0	0.0	0.0	0.41054640942752324	0.0
249658	0.0	0.25797079433572384	0.0	0.0	0.0	0.5985174430160226	0.43936449555831647	0.0	0.0	0.623443702008402
249597	0.5797100921594721	0.29859944394383414	0.560267591031907	0.20182674630599726	0.598021182852938	0.6414431455768704	0.0	0.34551555086163127	0.18041457350968096	0.6540423074254804
441792	0.2420116260087972	0.4274972468997376	0.0	0.0	0.0	0.0	0.0	0.6138482212101429	0.0	0.0
305201	0.0	0.0	0.5180891099279504	0.0	0.5952941513879497	0.5848951245667788	0.0	0.23411626011491884	0.42450620031680836	0.0
249772	0.48534192131957327	0.0	0.0	0.0	0.0	0.5907139725314253	0.43720908162145394	0.0	0.0	0.5907825167911133
305222	0.0	0.0	0.5114358606731282	0.0	0.5952941513879497	0.5848951245667788	0.0	0.0	0.0	0.0
249622	0.4834298027415271	0.0	0.0	0.0	0.5045465936776273	0.6057225371857587	0.39597702161585646	0.0	0.0	0.0
441627	0.0	0.0	0.3417984219360964	0.0	0.0	0.0	0.0	0.30766981028492835	0.0	0.5657196445341405
305130	0.0	0.5356756470765044	0.0	0.3435542639176112	0.5952941513879497	0.5848951245667788	0.5026532311262695	0.4823086427209468	0.0	0.0
441834	0.0	0.3265401039351967	0.28738832118058016	0.38387035683375453	0.0	0.0	0.3149970720187102	0.0	0.3100705434261426	0.0
305192	0.0	0.15712492035023093	0.3598668717479313	0.4977647413696043	0.5952941513879497	0.5848951245667788	0.16296915588175667	0.4541681912488446	0.30227018518365134	0.0
441803	0.31594935892173176	0.40221092133503467	0.0	0.0	0.0	0.0	0.48373426178397194	0.0	0.0	0.0
305175	0.0	0.38272038018729576	0.0	0.523701757585367	0.5952941513879497	0.5848951245667788	0.23428545835556233	0.0	0.0	0.0
249630	0.23074641659095044	0.0	0.0	0.0	0.0	0.5946009739253701	0.30701812385654503	0.4638315517490415	0.0	0.6031863164617315
441668	0.48122577999167654	0.0	0.0	0.0	0.0	0.0	0.42053096575781646	0.0	0.16698891439767022	0.5657196445341405
441817	0.0	0.36654452302309554	0.0	0.2040140546715885	0.0	0.0	0.30168229780424854	0.0	0.0	0.0
441921	0.0	0.3701269015548422	0.0	0.4560558615194125	0.0	0.0	0.36196612607854656	0.0	0.2835177728611749	0.0
249639	0.5810631045708603	0.0	0.4235932457745563	0.0	0.0	0.5068396843419535	0.0	0.4607298959852224	0.0	0.0
441782	0.0	0.22626048389480913	0.0	0.28235357641514064	0.0	0.0	0.0	0.0	0.28296215468648384	0.0
441853	0.0	0.0	0.0	0.0	0.0	0.0	0.5191463242656423	0.0	0.0	0.0
441879	0.0	0.0	0.0	0.0	0.0	0.0	0.4163240329611246	0.0	0.0	0.0
249566	0.0	0.0	0.0	0.0	0.6211907644315997	0.6995830164272983	0.2182024818065937	0.28531337666386497	0.0	0.5786953246990908
22493	0.0	0.0	0.0	0.0	0.0	0.0	0.23548772812054428	0.0	0.0	0.6004835361355216
22473	0.48512181395454634	0.4400967603729632	0.6357047920155722	0.5491549702532418	0.67309410214776	0.0	0.44811625214012396	0.37581472568800006	0.0	0.0
441632	0.0	0.0	0.62333839846343	0.0	0.0	0.0	0.0	0.498834078503013	0.0	0.5657196445341405
441812	0.0	0.0	0.0	0.48598756512983504	0.0	0.0	0.0	0.5900845474441705	0.0	0.0
249549	0.39835940833900013	0.5273607619727514	0.0	0.6654575434516152	0.7380913553127605	0.6990325704903138	0.0	0.44880572839808097	0.4481502581147798	0.0
305200	0.0	0.46045167507003953	0.5772293170171966	0.0	0.5952941513879497	0.5848951245667788	0.0	0.0	0.4520717748568483	0.0
441801	0.0	0.0	0.549973326033404	0.28274060745385987	0.0	0.0	0.5325157287533623	0.0	0.0	0.7197003678021717
441630	0.0	0.18494381015520886	0.0	0.3134218023676207	0.0	0.0	0.0	0.0	0.2778783808513045	0.5657196445341405
441631	0.0	0.0	0.0	0.0	0.0	0.0	0.0	0.30766981028492835	0.44277474837580444	0.5657196445341405
305229	0.0	0.0	0.3598668717479313	0.0	0.5952941513879497	0.49311571729078857	0.0	0.0	0.0	0.0
441865	0.0	0.0	0.5254046905160188	0.0	0.0	0.0	0.0	0.0	0.0	0.0
250013	0.0	0.39426953081686184	0.38852391652393253	0.0	0.705095207713942	0.7000644581348133	0.4256263934052348	0.260034436865239	0.0	0.0
250002	0.4807524200920135	0.3418996812415641	0.3741832404390647	0.24149250810883488	0.0	0.0	0.0	0.3702196229752729	0.0	0.5693899352949596
441700	0.581283571482229	0.0	0.62333839846343	0.6290159278303464	0.0	0.0	0.40648360121524924	0.5156026869632069	0.4744375932993024	0.5657196445341405
22470	0.49031149907918603	0.43031588335163723	0.5984137990165964	0.5331276379055758	0.6461412202504246	0.8252027572919195	0.2320863433010112	0.47154838951053824	0.19120789456105236	0.5976680760415841
305197	0.0	0.0	0.5120384028747552	0.3626706861540131	0.5952941513879497	0.5848951245667788	0.0	0.33255129866591443	0.4292219899581526	0.0
250014	0.3564009637202812	0.2057869960025975	0.4900817341870429	0.24682542147354924	0.6245584727215524	0.0	0.4739638556570187	0.0	0.0	0.447650710188616
441735	0.4819716558321425	0.256665842538555	0.0	0.2040140546715885	0.0	0.0	0.0	0.0	0.19658976920340032	0.0
441843	0.0	0.0	0.0	0.0	0.0	0.0	0.5730266567030853	0.0	0.0	0.6020774571235142
249638	0.0	0.4262688210361263	0.5410629568345945	0.0	0.6699892738990785	0.0	0.0	0.0	0.0	0.0
249695	0.0	0.0	0.0	0.0	0.6647928700777719	0.0	0.3259775079383866	0.34591052699905306	0.0	0.0
249567	0.0	0.0	0.0	0.0	0.0	0.0	0.39708940200063114	0.0	0.0	0.6443483534146013
305158	0.0	0.0	0.0	0.0	0.5952941513879497	0.5848951245667788	0.17069811421489198	0.0	0.4020119652537106	0.0
441710	0.0	0.0	0.0	0.29817336800017064	0.0	0.0	0.0	0.28975154819404086	0.22427146562159855	0.5657196445341405
249648	0.0	0.0	0.48845891901695043	0.0	0.0	0.0	0.37913733676608186	0.0	0.0	0.5810314306464084
441674	0.0	0.0	0.42632203186687295	0.2530324562461727	0.0	0.0	0.0	0.30801982087613267	0.0	0.5657196445341405
441663	0.5269128208017119	0.5463271910246666	0.5184520739670179	0.5365578132759671	0.0	0.0	0.249085232688847	0.4103900585702963	0.5902578049420467	0.5657196445341405
441900	0.0	0.0	0.0	0.3705306981396517	0.0	0.0	0.4094865237728185	0.0	0.0	0.0
249654	0.4855824153267909	0.0	0.0	0.0	0.0	0.0	0.40824270209154634	0.0	0.0	0.0
305202	0.0	0.0	0.0	0.0	0.5952941513879497	0.5848951245667788	0.0	0.23641907132182513	0.40924102009602853	0.0
22450	0.3925126364867092	0.3559916097856439	0.0	0.0	0.0	0.7394444790840559	0.0	0.2266433326241591	0.3403901385430092	0.0
441687	0.0	0.24136163215219847	0.0	0.0	0.0	0.0	0.0	0.30766981028492835	0.0	0.5657196445341405
22464	0.0	0.4014429944495469	0.0	0.4386647531346416	0.6129202929653678	0.0	0.0	0.0	0.19905685151073138	0.5669461038722231
22507	0.0	0.44802187592389975	0.0	0.0	0.0	0.0	0.4090374495611897	0.0	0.0	0.0
249669	0.0	0.47030350742421073	0.0	0.0	0.0	0.6197464301723533	0.16283598019851722	0.0	0.0	0.6149605655206691
305255	0.0	0.5360675752868171	0.524377195342032	0.0	0.5952941513879497	0.5848951245667788	0.4463085377107061	0.0	0.0	0.0
441788	0.4886248065054344	0.2691514226973138	0.5106349438733772	0.20610671580783557	0.0	0.0	0.4039571332925019	0.0	0.0	0.0
249543	0.0	0.4314900479127648	0.0	0.6166020692486361	0.7366119712028693	0.7484370347233742	0.0	0.4811471527591033	0.4933624433666595	0.8162776300249628
